<?xml version='1.0' encoding='utf-8' ?>
<!DOCTYPE document SYSTEM "file:///D:/xilinx/14.7/ISE_DS/ISE/xc9500xl/data/xmlReport9kxl.dtd">
<document><ascFile>RPI_DIO.rpt</ascFile><devFile>D:/xilinx/14.7/ISE_DS/ISE/xc9500xl/data/xc9536xl.chp</devFile><mfdFile>RPI_DIO.mfd</mfdFile><htmlFile logic_legend="logiclegend.htm" logo="xc9500xl_logo.jpg" pin_legend="pinlegend.htm"/><header date=" 5-15-2018" design="RPI_DIO" device="XC9536XL" eqnType="1" pkg="VQ44" speed="-10" status="1" statusStr="Successful" swVersion="P.20131013" time="  2:22PM" version="1.0"/><inputs id="GPIO_OUT1_SPECSIG" userloc="41"/><inputs id="GPIO_OUT2_SPECSIG" userloc="40"/><inputs id="GPIO_OUT3_SPECSIG" userloc="39"/><inputs id="GPIO_OUT4_SPECSIG" userloc="38"/><inputs id="GPIO_OUT5_SPECSIG" userloc="37"/><inputs id="GPIO_OUT6_SPECSIG" userloc="36"/><inputs id="GPIO_OUT7_SPECSIG" userloc="34"/><inputs id="EIN1_SPECSIG" userloc="13"/><inputs id="EIN2_SPECSIG" userloc="14"/><inputs id="EIN3_SPECSIG" userloc="16"/><inputs id="EIN4_SPECSIG" userloc="18"/><inputs id="EIN5_SPECSIG" userloc="19"/><inputs id="EIN6_SPECSIG" userloc="20"/><inputs id="EIN7_SPECSIG" userloc="21"/><inputs id="EIN8_SPECSIG" userloc="22"/><pin id="FB1_MC1_PIN40" pinnum="40" signal="GPIO_OUT2_SPECSIG" use="I"/><pin id="FB1_MC2_PIN41" pinnum="41" signal="GPIO_OUT1_SPECSIG" use="I"/><pin id="FB1_MC3_PIN43" pinnum="43"/><pin id="FB1_MC4_PIN42" pinnum="42" signal="GPIO_IN1_SPECSIG" use="O"/><pin id="FB1_MC5_PIN44" pinnum="44"/><pin id="FB1_MC6_PIN2" pinnum="2" signal="GPIO_IN8_SPECSIG" use="O"/><pin id="FB1_MC7_PIN1" pinnum="1"/><pin id="FB1_MC8_PIN3" pinnum="3" signal="GPIO_IN7_SPECSIG" use="O"/><pin id="FB1_MC9_PIN5" pinnum="5" signal="GPIO_IN6_SPECSIG" use="O"/><pin id="FB1_MC10_PIN6" pinnum="6" signal="GPIO_IN5_SPECSIG" use="O"/><pin id="FB1_MC11_PIN7" pinnum="7" signal="GPIO_IN4_SPECSIG" use="O"/><pin id="FB1_MC12_PIN8" pinnum="8" signal="GPIO_IN3_SPECSIG" use="O"/><pin id="FB1_MC13_PIN12" pinnum="12" signal="GPIO_IN2_SPECSIG" use="O"/><pin id="FB1_MC14_PIN13" pinnum="13" signal="EIN1_SPECSIG" use="I"/><pin id="FB1_MC15_PIN14" pinnum="14" signal="EIN2_SPECSIG" use="I"/><pin id="FB1_MC16_PIN16" pinnum="16" signal="EIN3_SPECSIG" use="I"/><pin id="FB1_MC17_PIN18" pinnum="18" signal="EIN4_SPECSIG" use="I"/><pin id="FB2_MC1_PIN39" pinnum="39" signal="GPIO_OUT3_SPECSIG" use="I"/><pin id="FB2_MC2_PIN38" pinnum="38" signal="GPIO_OUT4_SPECSIG" use="I"/><pin id="FB2_MC3_PIN36" pinnum="36" signal="GPIO_OUT6_SPECSIG" use="I"/><pin id="FB2_MC4_PIN37" pinnum="37" signal="GPIO_OUT5_SPECSIG" use="I"/><pin id="FB2_MC5_PIN34" pinnum="34" signal="GPIO_OUT7_SPECSIG" use="I"/><pin id="FB2_MC6_PIN33" pinnum="33"/><pin id="FB2_MC7_PIN32" pinnum="32" signal="EOUT7_SPECSIG" use="O"/><pin id="FB2_MC8_PIN31" pinnum="31" signal="EOUT6_SPECSIG" use="O"/><pin id="FB2_MC9_PIN30" pinnum="30" signal="EOUT5_SPECSIG" use="O"/><pin id="FB2_MC10_PIN29" pinnum="29" signal="EOUT4_SPECSIG" use="O"/><pin id="FB2_MC11_PIN28" pinnum="28" signal="EOUT3_SPECSIG" use="O"/><pin id="FB2_MC12_PIN27" pinnum="27" signal="EOUT2_SPECSIG" use="O"/><pin id="FB2_MC13_PIN23" pinnum="23" signal="EOUT1_SPECSIG" use="O"/><pin id="FB2_MC14_PIN22" pinnum="22" signal="EIN8_SPECSIG" use="I"/><pin id="FB2_MC15_PIN21" pinnum="21" signal="EIN7_SPECSIG" use="I"/><pin id="FB2_MC16_PIN20" pinnum="20" signal="EIN6_SPECSIG" use="I"/><pin id="FB2_MC17_PIN19" pinnum="19" signal="EIN5_SPECSIG" use="I"/><fblock id="FB1" inputUse="8" pinUse="14"><macrocell id="FB1_MC1" pin="FB1_MC1_PIN40"/><macrocell id="FB1_MC2" pin="FB1_MC2_PIN41"/><macrocell id="FB1_MC3" pin="FB1_MC3_PIN43"/><macrocell id="FB1_MC4" pin="FB1_MC4_PIN42" sigUse="1" signal="GPIO_IN1_SPECSIG"><pterms pt1="FB1_4_1"/></macrocell><macrocell id="FB1_MC5" pin="FB1_MC5_PIN44"/><macrocell id="FB1_MC6" pin="FB1_MC6_PIN2" sigUse="1" signal="GPIO_IN8_SPECSIG"><pterms pt1="FB1_6_1"/></macrocell><macrocell id="FB1_MC7" pin="FB1_MC7_PIN1"/><macrocell id="FB1_MC8" pin="FB1_MC8_PIN3" sigUse="1" signal="GPIO_IN7_SPECSIG"><pterms pt1="FB1_8_1"/></macrocell><macrocell id="FB1_MC9" pin="FB1_MC9_PIN5" sigUse="1" signal="GPIO_IN6_SPECSIG"><pterms pt1="FB1_9_1"/></macrocell><macrocell id="FB1_MC10" pin="FB1_MC10_PIN6" sigUse="1" signal="GPIO_IN5_SPECSIG"><pterms pt1="FB1_10_1"/></macrocell><macrocell id="FB1_MC11" pin="FB1_MC11_PIN7" sigUse="1" signal="GPIO_IN4_SPECSIG"><pterms pt1="FB1_11_1"/></macrocell><macrocell id="FB1_MC12" pin="FB1_MC12_PIN8" sigUse="1" signal="GPIO_IN3_SPECSIG"><pterms pt1="FB1_12_1"/></macrocell><macrocell id="FB1_MC13" pin="FB1_MC13_PIN12" sigUse="1" signal="GPIO_IN2_SPECSIG"><pterms pt1="FB1_13_1"/></macrocell><macrocell id="FB1_MC14" pin="FB1_MC14_PIN13"/><macrocell id="FB1_MC15" pin="FB1_MC15_PIN14"/><macrocell id="FB1_MC16" pin="FB1_MC16_PIN16"/><macrocell id="FB1_MC17" pin="FB1_MC17_PIN18"/><macrocell id="FB1_MC18"/><fbinput id="FB1_I1" signal="EIN1_SPECSIG"/><fbinput id="FB1_I2" signal="EIN2_SPECSIG"/><fbinput id="FB1_I3" signal="EIN3_SPECSIG"/><fbinput id="FB1_I4" signal="EIN4_SPECSIG"/><fbinput id="FB1_I5" signal="EIN5_SPECSIG"/><fbinput id="FB1_I6" signal="EIN6_SPECSIG"/><fbinput id="FB1_I7" signal="EIN7_SPECSIG"/><fbinput id="FB1_I8" signal="EIN8_SPECSIG"/><pterm id="FB1_4_1"><signal id="EIN1_SPECSIG"/></pterm><pterm id="FB1_6_1"><signal id="EIN8_SPECSIG"/></pterm><pterm id="FB1_8_1"><signal id="EIN7_SPECSIG"/></pterm><pterm id="FB1_9_1"><signal id="EIN6_SPECSIG"/></pterm><pterm id="FB1_10_1"><signal id="EIN5_SPECSIG"/></pterm><pterm id="FB1_11_1"><signal id="EIN4_SPECSIG"/></pterm><pterm id="FB1_12_1"><signal id="EIN3_SPECSIG"/></pterm><pterm id="FB1_13_1"><signal id="EIN2_SPECSIG"/></pterm><equation id="GPIO_IN1_SPECSIG" userloc="42"><d2><eq_pterm ptindx="FB1_4_1"/></d2></equation><equation id="GPIO_IN8_SPECSIG" userloc="2"><d2><eq_pterm ptindx="FB1_6_1"/></d2></equation><equation id="GPIO_IN7_SPECSIG" userloc="3"><d2><eq_pterm ptindx="FB1_8_1"/></d2></equation><equation id="GPIO_IN6_SPECSIG" userloc="5"><d2><eq_pterm ptindx="FB1_9_1"/></d2></equation><equation id="GPIO_IN5_SPECSIG" userloc="6"><d2><eq_pterm ptindx="FB1_10_1"/></d2></equation><equation id="GPIO_IN4_SPECSIG" userloc="7"><d2><eq_pterm ptindx="FB1_11_1"/></d2></equation><equation id="GPIO_IN3_SPECSIG" userloc="8"><d2><eq_pterm ptindx="FB1_12_1"/></d2></equation><equation id="GPIO_IN2_SPECSIG" userloc="12"><d2><eq_pterm ptindx="FB1_13_1"/></d2></equation></fblock><fblock id="FB2" inputUse="7" pinUse="16"><macrocell id="FB2_MC1" pin="FB2_MC1_PIN39"/><macrocell id="FB2_MC2" pin="FB2_MC2_PIN38"/><macrocell id="FB2_MC3" pin="FB2_MC3_PIN36"/><macrocell id="FB2_MC4" pin="FB2_MC4_PIN37"/><macrocell id="FB2_MC5" pin="FB2_MC5_PIN34"/><macrocell id="FB2_MC6" pin="FB2_MC6_PIN33"/><macrocell id="FB2_MC7" pin="FB2_MC7_PIN32" sigUse="1" signal="EOUT7_SPECSIG"><pterms pt1="FB2_7_1"/></macrocell><macrocell id="FB2_MC8" pin="FB2_MC8_PIN31" sigUse="1" signal="EOUT6_SPECSIG"><pterms pt1="FB2_8_1"/></macrocell><macrocell id="FB2_MC9" pin="FB2_MC9_PIN30" sigUse="1" signal="EOUT5_SPECSIG"><pterms pt1="FB2_9_1"/></macrocell><macrocell id="FB2_MC10" pin="FB2_MC10_PIN29" sigUse="1" signal="EOUT4_SPECSIG"><pterms pt1="FB2_10_1"/></macrocell><macrocell id="FB2_MC11" pin="FB2_MC11_PIN28" sigUse="1" signal="EOUT3_SPECSIG"><pterms pt1="FB2_11_1"/></macrocell><macrocell id="FB2_MC12" pin="FB2_MC12_PIN27" sigUse="1" signal="EOUT2_SPECSIG"><pterms pt1="FB2_12_1"/></macrocell><macrocell id="FB2_MC13" pin="FB2_MC13_PIN23" sigUse="1" signal="EOUT1_SPECSIG"><pterms pt1="FB2_13_1"/></macrocell><macrocell id="FB2_MC14" pin="FB2_MC14_PIN22"/><macrocell id="FB2_MC15" pin="FB2_MC15_PIN21"/><macrocell id="FB2_MC16" pin="FB2_MC16_PIN20"/><macrocell id="FB2_MC17" pin="FB2_MC17_PIN19"/><macrocell id="FB2_MC18"/><fbinput id="FB2_I1" signal="GPIO_OUT1_SPECSIG"/><fbinput id="FB2_I2" signal="GPIO_OUT2_SPECSIG"/><fbinput id="FB2_I3" signal="GPIO_OUT3_SPECSIG"/><fbinput id="FB2_I4" signal="GPIO_OUT4_SPECSIG"/><fbinput id="FB2_I5" signal="GPIO_OUT5_SPECSIG"/><fbinput id="FB2_I6" signal="GPIO_OUT6_SPECSIG"/><fbinput id="FB2_I7" signal="GPIO_OUT7_SPECSIG"/><pterm id="FB2_7_1"><signal id="GPIO_OUT7_SPECSIG"/></pterm><pterm id="FB2_8_1"><signal id="GPIO_OUT6_SPECSIG"/></pterm><pterm id="FB2_9_1"><signal id="GPIO_OUT5_SPECSIG"/></pterm><pterm id="FB2_10_1"><signal id="GPIO_OUT4_SPECSIG"/></pterm><pterm id="FB2_11_1"><signal id="GPIO_OUT3_SPECSIG"/></pterm><pterm id="FB2_12_1"><signal id="GPIO_OUT2_SPECSIG"/></pterm><pterm id="FB2_13_1"><signal id="GPIO_OUT1_SPECSIG"/></pterm><equation id="EOUT7_SPECSIG" userloc="32"><d2><eq_pterm ptindx="FB2_7_1"/></d2></equation><equation id="EOUT6_SPECSIG" userloc="31"><d2><eq_pterm ptindx="FB2_8_1"/></d2></equation><equation id="EOUT5_SPECSIG" userloc="30"><d2><eq_pterm ptindx="FB2_9_1"/></d2></equation><equation id="EOUT4_SPECSIG" userloc="29"><d2><eq_pterm ptindx="FB2_10_1"/></d2></equation><equation id="EOUT3_SPECSIG" userloc="28"><d2><eq_pterm ptindx="FB2_11_1"/></d2></equation><equation id="EOUT2_SPECSIG" userloc="27"><d2><eq_pterm ptindx="FB2_12_1"/></d2></equation><equation id="EOUT1_SPECSIG" userloc="23"><d2><eq_pterm ptindx="FB2_13_1"/></d2></equation></fblock><vcc/><gnd/><messages><warning>Cpld - Unable to retrieve the path to the iSE Project Repository. Will   use the default filename of 'RPI_DIO.ise'.</warning></messages><compOpts exhaust="OFF" gclkopt="ON" gsropt="ON" gtsopt="ON" ignorets="OFF" inputs="54" keepio="OFF" loc="ON" mlopt="ON" optimize="SPEED" part="xc9536xl-10-VQ44" power="STD" prld="LOW" pterms="25" slew="FAST" terminate="KEEPER" unused="OFF" wysiwyg="OFF"/><specSig signal="GPIO_OUT1_SPECSIG" value="GPIO_OUT&lt;1&gt;"/><specSig signal="GPIO_OUT2_SPECSIG" value="GPIO_OUT&lt;2&gt;"/><specSig signal="GPIO_OUT3_SPECSIG" value="GPIO_OUT&lt;3&gt;"/><specSig signal="GPIO_OUT4_SPECSIG" value="GPIO_OUT&lt;4&gt;"/><specSig signal="GPIO_OUT5_SPECSIG" value="GPIO_OUT&lt;5&gt;"/><specSig signal="GPIO_OUT6_SPECSIG" value="GPIO_OUT&lt;6&gt;"/><specSig signal="GPIO_OUT7_SPECSIG" value="GPIO_OUT&lt;7&gt;"/><specSig signal="EIN1_SPECSIG" value="EIN&lt;1&gt;"/><specSig signal="EIN2_SPECSIG" value="EIN&lt;2&gt;"/><specSig signal="EIN3_SPECSIG" value="EIN&lt;3&gt;"/><specSig signal="EIN4_SPECSIG" value="EIN&lt;4&gt;"/><specSig signal="EIN5_SPECSIG" value="EIN&lt;5&gt;"/><specSig signal="EIN6_SPECSIG" value="EIN&lt;6&gt;"/><specSig signal="EIN7_SPECSIG" value="EIN&lt;7&gt;"/><specSig signal="EIN8_SPECSIG" value="EIN&lt;8&gt;"/><specSig signal="GPIO_IN1_SPECSIG" value="GPIO_IN&lt;1&gt;"/><specSig signal="GPIO_IN8_SPECSIG" value="GPIO_IN&lt;8&gt;"/><specSig signal="GPIO_IN7_SPECSIG" value="GPIO_IN&lt;7&gt;"/><specSig signal="GPIO_IN6_SPECSIG" value="GPIO_IN&lt;6&gt;"/><specSig signal="GPIO_IN5_SPECSIG" value="GPIO_IN&lt;5&gt;"/><specSig signal="GPIO_IN4_SPECSIG" value="GPIO_IN&lt;4&gt;"/><specSig signal="GPIO_IN3_SPECSIG" value="GPIO_IN&lt;3&gt;"/><specSig signal="GPIO_IN2_SPECSIG" value="GPIO_IN&lt;2&gt;"/><specSig signal="EOUT7_SPECSIG" value="EOUT&lt;7&gt;"/><specSig signal="EOUT6_SPECSIG" value="EOUT&lt;6&gt;"/><specSig signal="EOUT5_SPECSIG" value="EOUT&lt;5&gt;"/><specSig signal="EOUT4_SPECSIG" value="EOUT&lt;4&gt;"/><specSig signal="EOUT3_SPECSIG" value="EOUT&lt;3&gt;"/><specSig signal="EOUT2_SPECSIG" value="EOUT&lt;2&gt;"/><specSig signal="EOUT1_SPECSIG" value="EOUT&lt;1&gt;"/></document>
