<?xml version='1.0' encoding='utf-8' ?>
<!DOCTYPE document SYSTEM "file:///D:/Xilinx/14.7/ISE_DS/ISE/xc9500xl/data/xmlReport9kxl.dtd">
<document><ascFile>DIO_I2C.rpt</ascFile><devFile>D:/Xilinx/14.7/ISE_DS/ISE/xc9500xl/data/xc9536xl.chp</devFile><mfdFile>DIO_I2C.mfd</mfdFile><htmlFile logic_legend="logiclegend.htm" logo="xc9500xl_logo.jpg" pin_legend="pinlegend.htm"/><header date=" 5- 3-2018" design="DIO_I2C" device="XC9536XL" eqnType="1" pkg="VQ44" speed="-10" status="1" statusStr="Successful" swVersion="P.20131013" time="  5:25PM" version="1.0"/><inputs id="GPI20_SPECSIG" userloc="14"/><inputs id="GPI21_SPECSIG" userloc="16"/><inputs id="GPI22_SPECSIG" userloc="18"/><inputs id="GPI23_SPECSIG" userloc="19"/><inputs id="GPI24_SPECSIG" userloc="20"/><inputs id="GPI25_SPECSIG" userloc="21"/><inputs id="GPI26_SPECSIG" userloc="22"/><inputs id="EIN1_SPECSIG" userloc="27"/><inputs id="EIN2_SPECSIG" userloc="28"/><inputs id="EIN3_SPECSIG" userloc="29"/><inputs id="EIN4_SPECSIG" userloc="30"/><inputs id="EIN5_SPECSIG" userloc="31"/><inputs id="EIN6_SPECSIG" userloc="32"/><inputs id="EIN7_SPECSIG" userloc="37"/><inputs id="EIN8_SPECSIG" userloc="38"/><pin id="FB1_MC1_PIN40" pinnum="40" signal="EOUT2_SPECSIG" use="O"/><pin id="FB1_MC2_PIN41" pinnum="41" signal="EOUT3_SPECSIG" use="O"/><pin id="FB1_MC3_PIN43" pinnum="43"/><pin id="FB1_MC4_PIN42" pinnum="42" signal="EOUT4_SPECSIG" use="O"/><pin id="FB1_MC5_PIN44" pinnum="44"/><pin id="FB1_MC6_PIN2" pinnum="2" signal="GPO34_SPECSIG" use="O"/><pin id="FB1_MC7_PIN1" pinnum="1"/><pin id="FB1_MC8_PIN3" pinnum="3" signal="GPO35_SPECSIG" use="O"/><pin id="FB1_MC9_PIN5" pinnum="5" signal="GPO36_SPECSIG" use="O"/><pin id="FB1_MC10_PIN6" pinnum="6" signal="GPO37_SPECSIG" use="O"/><pin id="FB1_MC11_PIN7" pinnum="7" signal="GPO38_SPECSIG" use="O"/><pin id="FB1_MC12_PIN8" pinnum="8" signal="GPO39_SPECSIG" use="O"/><pin id="FB1_MC13_PIN12" pinnum="12" signal="GPO40_SPECSIG" use="O"/><pin id="FB1_MC14_PIN13" pinnum="13" signal="GPO41_SPECSIG" use="O"/><pin id="FB1_MC15_PIN14" pinnum="14" signal="GPI20_SPECSIG" use="I"/><pin id="FB1_MC16_PIN16" pinnum="16" signal="GPI21_SPECSIG" use="I"/><pin id="FB1_MC17_PIN18" pinnum="18" signal="GPI22_SPECSIG" use="I"/><pin id="FB2_MC1_PIN39" pinnum="39" signal="EOUT1_SPECSIG" use="O"/><pin id="FB2_MC2_PIN38" pinnum="38" signal="EIN8_SPECSIG" use="I"/><pin id="FB2_MC3_PIN36" pinnum="36" signal="EOUT6_SPECSIG" use="O"/><pin id="FB2_MC4_PIN37" pinnum="37" signal="EIN7_SPECSIG" use="I"/><pin id="FB2_MC5_PIN34" pinnum="34" signal="EOUT7_SPECSIG" use="O"/><pin id="FB2_MC6_PIN33" pinnum="33" signal="EOUT5_SPECSIG" use="O"/><pin id="FB2_MC7_PIN32" pinnum="32" signal="EIN6_SPECSIG" use="I"/><pin id="FB2_MC8_PIN31" pinnum="31" signal="EIN5_SPECSIG" use="I"/><pin id="FB2_MC9_PIN30" pinnum="30" signal="EIN4_SPECSIG" use="I"/><pin id="FB2_MC10_PIN29" pinnum="29" signal="EIN3_SPECSIG" use="I"/><pin id="FB2_MC11_PIN28" pinnum="28" signal="EIN2_SPECSIG" use="I"/><pin id="FB2_MC12_PIN27" pinnum="27" signal="EIN1_SPECSIG" use="I"/><pin id="FB2_MC13_PIN23" pinnum="23"/><pin id="FB2_MC14_PIN22" pinnum="22" signal="GPI26_SPECSIG" use="I"/><pin id="FB2_MC15_PIN21" pinnum="21" signal="GPI25_SPECSIG" use="I"/><pin id="FB2_MC16_PIN20" pinnum="20" signal="GPI24_SPECSIG" use="I"/><pin id="FB2_MC17_PIN19" pinnum="19" signal="GPI23_SPECSIG" use="I"/><fblock id="FB1" inputUse="11" pinUse="14"><macrocell id="FB1_MC1" pin="FB1_MC1_PIN40" sigUse="1" signal="EOUT2_SPECSIG"><pterms pt1="FB1_1_1"/></macrocell><macrocell id="FB1_MC2" pin="FB1_MC2_PIN41" sigUse="1" signal="EOUT3_SPECSIG"><pterms pt1="FB1_2_1"/></macrocell><macrocell id="FB1_MC3" pin="FB1_MC3_PIN43"/><macrocell id="FB1_MC4" pin="FB1_MC4_PIN42" sigUse="1" signal="EOUT4_SPECSIG"><pterms pt1="FB1_4_1"/></macrocell><macrocell id="FB1_MC5" pin="FB1_MC5_PIN44"/><macrocell id="FB1_MC6" pin="FB1_MC6_PIN2" sigUse="1" signal="GPO34_SPECSIG"><pterms pt1="FB1_6_1"/></macrocell><macrocell id="FB1_MC7" pin="FB1_MC7_PIN1"/><macrocell id="FB1_MC8" pin="FB1_MC8_PIN3" sigUse="1" signal="GPO35_SPECSIG"><pterms pt1="FB1_8_1"/></macrocell><macrocell id="FB1_MC9" pin="FB1_MC9_PIN5" sigUse="1" signal="GPO36_SPECSIG"><pterms pt1="FB1_9_1"/></macrocell><macrocell id="FB1_MC10" pin="FB1_MC10_PIN6" sigUse="1" signal="GPO37_SPECSIG"><pterms pt1="FB1_10_1"/></macrocell><macrocell id="FB1_MC11" pin="FB1_MC11_PIN7" sigUse="1" signal="GPO38_SPECSIG"><pterms pt1="FB1_11_1"/></macrocell><macrocell id="FB1_MC12" pin="FB1_MC12_PIN8" sigUse="1" signal="GPO39_SPECSIG"><pterms pt1="FB1_12_1"/></macrocell><macrocell id="FB1_MC13" pin="FB1_MC13_PIN12" sigUse="1" signal="GPO40_SPECSIG"><pterms pt1="FB1_13_1"/></macrocell><macrocell id="FB1_MC14" pin="FB1_MC14_PIN13" sigUse="1" signal="GPO41_SPECSIG"><pterms pt1="FB1_14_1"/></macrocell><macrocell id="FB1_MC15" pin="FB1_MC15_PIN14"/><macrocell id="FB1_MC16" pin="FB1_MC16_PIN16"/><macrocell id="FB1_MC17" pin="FB1_MC17_PIN18"/><macrocell id="FB1_MC18"/><fbinput id="FB1_I1" signal="GPI21_SPECSIG"/><fbinput id="FB1_I2" signal="GPI22_SPECSIG"/><fbinput id="FB1_I3" signal="GPI23_SPECSIG"/><fbinput id="FB1_I4" signal="EIN1_SPECSIG"/><fbinput id="FB1_I5" signal="EIN2_SPECSIG"/><fbinput id="FB1_I6" signal="EIN3_SPECSIG"/><fbinput id="FB1_I7" signal="EIN4_SPECSIG"/><fbinput id="FB1_I8" signal="EIN5_SPECSIG"/><fbinput id="FB1_I9" signal="EIN6_SPECSIG"/><fbinput id="FB1_I10" signal="EIN7_SPECSIG"/><fbinput id="FB1_I11" signal="EIN8_SPECSIG"/><pterm id="FB1_1_1"><signal id="GPI21_SPECSIG"/></pterm><pterm id="FB1_2_1"><signal id="GPI22_SPECSIG"/></pterm><pterm id="FB1_4_1"><signal id="GPI23_SPECSIG"/></pterm><pterm id="FB1_6_1"><signal id="EIN1_SPECSIG"/></pterm><pterm id="FB1_8_1"><signal id="EIN2_SPECSIG"/></pterm><pterm id="FB1_9_1"><signal id="EIN3_SPECSIG"/></pterm><pterm id="FB1_10_1"><signal id="EIN4_SPECSIG"/></pterm><pterm id="FB1_11_1"><signal id="EIN5_SPECSIG"/></pterm><pterm id="FB1_12_1"><signal id="EIN6_SPECSIG"/></pterm><pterm id="FB1_13_1"><signal id="EIN7_SPECSIG"/></pterm><pterm id="FB1_14_1"><signal id="EIN8_SPECSIG"/></pterm><equation id="EOUT2_SPECSIG" userloc="40"><d2><eq_pterm ptindx="FB1_1_1"/></d2></equation><equation id="EOUT3_SPECSIG" userloc="41"><d2><eq_pterm ptindx="FB1_2_1"/></d2></equation><equation id="EOUT4_SPECSIG" userloc="42"><d2><eq_pterm ptindx="FB1_4_1"/></d2></equation><equation id="GPO34_SPECSIG" userloc="2"><d2><eq_pterm ptindx="FB1_6_1"/></d2></equation><equation id="GPO35_SPECSIG" userloc="3"><d2><eq_pterm ptindx="FB1_8_1"/></d2></equation><equation id="GPO36_SPECSIG" userloc="5"><d2><eq_pterm ptindx="FB1_9_1"/></d2></equation><equation id="GPO37_SPECSIG" userloc="6"><d2><eq_pterm ptindx="FB1_10_1"/></d2></equation><equation id="GPO38_SPECSIG" userloc="7"><d2><eq_pterm ptindx="FB1_11_1"/></d2></equation><equation id="GPO39_SPECSIG" userloc="8"><d2><eq_pterm ptindx="FB1_12_1"/></d2></equation><equation id="GPO40_SPECSIG" userloc="12"><d2><eq_pterm ptindx="FB1_13_1"/></d2></equation><equation id="GPO41_SPECSIG" userloc="13"><d2><eq_pterm ptindx="FB1_14_1"/></d2></equation></fblock><fblock id="FB2" inputUse="4" pinUse="16"><macrocell id="FB2_MC1" pin="FB2_MC1_PIN39" sigUse="1" signal="EOUT1_SPECSIG"><pterms pt1="FB2_1_1"/></macrocell><macrocell id="FB2_MC2" pin="FB2_MC2_PIN38"/><macrocell id="FB2_MC3" pin="FB2_MC3_PIN36" sigUse="1" signal="EOUT6_SPECSIG"><pterms pt1="FB2_3_1"/></macrocell><macrocell id="FB2_MC4" pin="FB2_MC4_PIN37"/><macrocell id="FB2_MC5" pin="FB2_MC5_PIN34" sigUse="1" signal="EOUT7_SPECSIG"><pterms pt1="FB2_5_1"/></macrocell><macrocell id="FB2_MC6" pin="FB2_MC6_PIN33" sigUse="1" signal="EOUT5_SPECSIG"><pterms pt1="FB2_6_1"/></macrocell><macrocell id="FB2_MC7" pin="FB2_MC7_PIN32"/><macrocell id="FB2_MC8" pin="FB2_MC8_PIN31"/><macrocell id="FB2_MC9" pin="FB2_MC9_PIN30"/><macrocell id="FB2_MC10" pin="FB2_MC10_PIN29"/><macrocell id="FB2_MC11" pin="FB2_MC11_PIN28"/><macrocell id="FB2_MC12" pin="FB2_MC12_PIN27"/><macrocell id="FB2_MC13" pin="FB2_MC13_PIN23"/><macrocell id="FB2_MC14" pin="FB2_MC14_PIN22"/><macrocell id="FB2_MC15" pin="FB2_MC15_PIN21"/><macrocell id="FB2_MC16" pin="FB2_MC16_PIN20"/><macrocell id="FB2_MC17" pin="FB2_MC17_PIN19"/><macrocell id="FB2_MC18"/><fbinput id="FB2_I1" signal="GPI20_SPECSIG"/><fbinput id="FB2_I2" signal="GPI24_SPECSIG"/><fbinput id="FB2_I3" signal="GPI25_SPECSIG"/><fbinput id="FB2_I4" signal="GPI26_SPECSIG"/><pterm id="FB2_1_1"><signal id="GPI20_SPECSIG"/></pterm><pterm id="FB2_3_1"><signal id="GPI25_SPECSIG"/></pterm><pterm id="FB2_5_1"><signal id="GPI26_SPECSIG"/></pterm><pterm id="FB2_6_1"><signal id="GPI24_SPECSIG"/></pterm><equation id="EOUT1_SPECSIG" userloc="39"><d2><eq_pterm ptindx="FB2_1_1"/></d2></equation><equation id="EOUT6_SPECSIG" userloc="36"><d2><eq_pterm ptindx="FB2_3_1"/></d2></equation><equation id="EOUT7_SPECSIG" userloc="34"><d2><eq_pterm ptindx="FB2_5_1"/></d2></equation><equation id="EOUT5_SPECSIG" userloc="33"><d2><eq_pterm ptindx="FB2_6_1"/></d2></equation></fblock><vcc/><gnd/><messages><warning>Cpld - Unable to retrieve the path to the iSE Project Repository. Will   use the default filename of 'DIO_I2C.ise'.</warning></messages><compOpts exhaust="OFF" gclkopt="ON" gsropt="ON" gtsopt="ON" ignorets="OFF" inputs="54" keepio="OFF" loc="ON" mlopt="ON" optimize="SPEED" part="xc9536xl-10-VQ44" power="STD" prld="LOW" pterms="25" slew="FAST" terminate="KEEPER" unused="OFF" wysiwyg="OFF"/><specSig signal="GPI20_SPECSIG" value="GPI&lt;20&gt;"/><specSig signal="GPI21_SPECSIG" value="GPI&lt;21&gt;"/><specSig signal="GPI22_SPECSIG" value="GPI&lt;22&gt;"/><specSig signal="GPI23_SPECSIG" value="GPI&lt;23&gt;"/><specSig signal="GPI24_SPECSIG" value="GPI&lt;24&gt;"/><specSig signal="GPI25_SPECSIG" value="GPI&lt;25&gt;"/><specSig signal="GPI26_SPECSIG" value="GPI&lt;26&gt;"/><specSig signal="EIN1_SPECSIG" value="EIN&lt;1&gt;"/><specSig signal="EIN2_SPECSIG" value="EIN&lt;2&gt;"/><specSig signal="EIN3_SPECSIG" value="EIN&lt;3&gt;"/><specSig signal="EIN4_SPECSIG" value="EIN&lt;4&gt;"/><specSig signal="EIN5_SPECSIG" value="EIN&lt;5&gt;"/><specSig signal="EIN6_SPECSIG" value="EIN&lt;6&gt;"/><specSig signal="EIN7_SPECSIG" value="EIN&lt;7&gt;"/><specSig signal="EIN8_SPECSIG" value="EIN&lt;8&gt;"/><specSig signal="EOUT2_SPECSIG" value="EOUT&lt;2&gt;"/><specSig signal="EOUT3_SPECSIG" value="EOUT&lt;3&gt;"/><specSig signal="EOUT4_SPECSIG" value="EOUT&lt;4&gt;"/><specSig signal="GPO34_SPECSIG" value="GPO&lt;34&gt;"/><specSig signal="GPO35_SPECSIG" value="GPO&lt;35&gt;"/><specSig signal="GPO36_SPECSIG" value="GPO&lt;36&gt;"/><specSig signal="GPO37_SPECSIG" value="GPO&lt;37&gt;"/><specSig signal="GPO38_SPECSIG" value="GPO&lt;38&gt;"/><specSig signal="GPO39_SPECSIG" value="GPO&lt;39&gt;"/><specSig signal="GPO40_SPECSIG" value="GPO&lt;40&gt;"/><specSig signal="GPO41_SPECSIG" value="GPO&lt;41&gt;"/><specSig signal="EOUT1_SPECSIG" value="EOUT&lt;1&gt;"/><specSig signal="EOUT6_SPECSIG" value="EOUT&lt;6&gt;"/><specSig signal="EOUT7_SPECSIG" value="EOUT&lt;7&gt;"/><specSig signal="EOUT5_SPECSIG" value="EOUT&lt;5&gt;"/></document>
